headlines,terms,dates
analysis: why joe biden will almost certainly pick a black woman as vp,biden,2020-06-03
america's unrest sets up battle for nation's soul between trump and biden,biden,2020-06-03
'we need him to start being bold:' young voters are craving inspiration from joe biden,biden,2020-06-03
america's unrest sets up battle for nation's soul between trump and biden,biden,2020-06-03
biden campaign turns speech on nation's unrest into battleground digital ad,biden,2020-06-03
biden is running as the mensch-in-chief,biden,2020-06-04
the top 10 women joe biden might pick as vice president,biden,2020-06-04
cnn poll of polls finds biden leading trump,biden,2020-06-05
cnn poll of polls finds biden leading trump,biden,2020-06-05
biden: i was 'disturbed' to see trump taking victory lap over jobs numbers,biden,2020-06-05
joe biden wins enough delegates to secure democratic nomination,biden,2020-06-06
joe biden to meet monday with george floyd's family,biden,2020-06-07
colin powell says he will vote for joe biden for president,biden,2020-06-07
joe biden hits a milestone hillary clinton never did: 50%,biden,2020-06-07
biden embraces healer-in-chief role in return to campaign trail,biden,2020-06-08
"biden doesn't support defunding police, campaign says",biden,2020-06-08
biden builds largest lead this year,biden,2020-06-08
cnn poll: trump losing ground to biden amid chaotic week,biden,2020-06-08
biden campaign ramps up facebook ad spending,biden,2020-06-09
reckoning over floyd's death and calls to defund police challenge trump and biden,biden,2020-06-09
trump campaign demands cnn apologize for poll that shows biden leading,biden,2020-06-10
biden repeatedly pushed bill in senate that critics said would have made investigating police officers for misconduct more difficult,biden,2020-06-10
read: cnn's response to trump campaign's demand for an apology over poll that shows biden leading,biden,2020-06-10
biden wants to undo trump's tax cuts. that could rattle wall street,biden,2020-06-10
biden: trump will try to steal this election,biden,2020-06-11
biden is doing worse than clinton among hispanic voters,biden,2020-06-11
the top 10 women joe biden might pick as vice president,biden,2020-06-11
biden 'absolutely convinced' military would escort trump from wh if he loses and refuses to leave,biden,2020-06-11
trump and biden are raking in millions in recent weeks with the help of elite fundraisers,biden,2020-06-11
biden campaign launches petition lambasting facebook over refusal to remove political misinformation,biden,2020-06-11
biden supports removing confederate names from us military assets,biden,2020-06-12
why the electoral map is even better for joe biden than it looks,biden,2020-06-12
arizona republican explains why she'll support biden,biden,2020-06-13
joe biden is winning female voters by a historic margin,biden,2020-06-13
these lifelong republicans may vote for biden come november,biden,2020-06-13
biden campaign says it raised nearly $81 million in may,biden,2020-06-15
progressive groups urge biden to take more aggressive steps on policing and criminal justice,biden,2020-06-16
trump's tulsa rally and biden's social distancing show differences in campaigning amid a pandemic,biden,2020-06-17
biden harnesses influencer star power to ramp up digital outreach,biden,2020-06-17
republican operatives launch new group supporting biden,biden,2020-06-17
joe biden will accept democratic presidential nomination in milwaukee,biden,2020-06-18
joe biden launches his first general election tv ads,biden,2020-06-18
joe biden launches his first general election tv ads,biden,2020-06-18
the top 10 women joe biden might pick as vice president,biden,2020-06-18
"analysis: joe biden may win more than 400 electoral votes, but there's a long way to go",biden,2020-06-19
"christian cooper, the central park birder, endorses biden for president",biden,2020-06-19
amy klobuchar drops out of biden vp contention and says he should choose a woman of color,biden,2020-06-19
biden officially forms transition team,biden,2020-06-20
trying to predict biden's veep? the conventional wisdom is usually wrong,biden,2020-06-20
'i want to see myself:' black women mount public and private campaign for biden to pick a black woman running mate,biden,2020-06-20
biden campaign blasts trump's 'outrageous' comments on coronavirus testing,biden,2020-06-21
john bolton says he will vote for joe biden for president over trump,biden,2020-06-21
biden campaign agrees to 3 debates with trump and slams push for more debates as a 'distraction',biden,2020-06-22
my mom blazed trail for women vp picks. biden's choice is crucial,biden,2020-06-22
joe biden frightens donald trump,biden,2020-06-23
barack obama plans to discuss 'turbulent moment' in us history in first virtual fundraiser with joe biden,biden,2020-06-23
the old-school campaign tactic that's boosting biden,biden,2020-06-23
polls in wisconsin and ohio bring good news for joe biden,biden,2020-06-24
biden leads trump by 14 points in nyt/siena college poll,biden,2020-06-24
biden campaign grows digital operation to contend with virtual trail,biden,2020-06-24
joe biden expected to make new healthcare push after trump's 'slow down the testing' comment,biden,2020-06-24
biden campaign continues to pressure facebook and twitter over trump's false voter fraud claims,biden,2020-06-24
former gop candidate carly fiorina says she'll vote for biden,biden,2020-06-25
biden says trump's 'senseless crusade' to end obamacare would harm those with coronavirus,biden,2020-06-25
the top 10 women joe biden might pick as vice president,biden,2020-06-25
"5 things to know for june 25: coronavirus, joe biden, ahmaud arbery, roundup, tariffs",biden,2020-06-25
biden says he would make wearing face masks mandatory for americans,biden,2020-06-26
"fact check: trump falsely claims biden, who has committed to the debates, is trying to get out of debating",biden,2020-06-26
nation's reckoning on race looms large over final month of biden's running mate search,biden,2020-06-26
"fact check: trump falsely claims biden, who has committed to the debates, is trying to get out of debating",biden,2020-06-26
biden says he would make wearing face masks mandatory for americans amid coronavirus pandemic,biden,2020-06-26
the three women who should be at the top of biden's vp list,biden,2020-06-26
analysis: why biden's running mate pick matters more than ever,biden,2020-06-27
biden: trump's entire presidency has been a gift to putin,biden,2020-06-27
"fact-checking biden on gop tax cuts, naacp endorsement, and other false and misleading claims",biden,2020-06-27
biden campaign releases staff diversity data,biden,2020-06-27
biden campaign releases staff diversity data,biden,2020-06-27
